student_id,course_id,gender,enrollment_reason,enrollment_status,time_spent
_60186,AnPhA-S116-01,M,Course Unavailable at Local School,Approved/Enrolled,2087.0501
_66693,AnPhA-S116-01,M,Course Unavailable at Local School,Approved/Enrolled,2309.0334
_66811,AnPhA-S116-01,F,Course Unavailable at Local School,Approved/Enrolled,5298.8507
_66862,AnPhA-S116-01,F,Course Unavailable at Local School,Approved/Enrolled,1746.9667
_67508,AnPhA-S116-01,F,Scheduling Conflict,Approved/Enrolled,2668.183
_70532,AnPhA-S116-01,F,Learning Preference of the Student,Approved/Enrolled,2938.4666
_77010,AnPhA-S116-01,F,Learning Preference of the Student,Approved/Enrolled,1533.0996
_85249,AnPhA-S116-01,F,Course Unavailable at Local School,Approved/Enrolled,1209.8496
_85411,AnPhA-S116-01,F,Scheduling Conflict,Approved/Enrolled,473.0333
_85583,AnPhA-S116-01,F,Scheduling Conflict,Approved/Enrolled,5532.4164
_85865,AnPhA-S116-01,F,Learning Preference of the Student,Approved/Enrolled,95.3
_85866,AnPhA-S116-01,F,Learning Preference of the Student,Approved/Enrolled,3050.0831
_85970,AnPhA-S116-01,F,Course Unavailable at Local School,Approved/Enrolled,610.8334
_86072,AnPhA-S116-01,M,Course Unavailable at Local School,Approved/Enrolled,608.1834
_86119,AnPhA-S116-01,F,Course Unavailable at Local School,Approved/Enrolled,2127.0664
_86267,AnPhA-S116-01,F,Course Unavailable at Local School,Approved/Enrolled,406.0001
_86275,AnPhA-S116-01,F,Course Unavailable at Local School,Approved/Enrolled,7067.1498
_86277,AnPhA-S116-01,F,Course Unavailable at Local School,Approved/Enrolled,3856.8672
_86286,AnPhA-S116-01,F,Course Unavailable at Local School,Approved/Enrolled,4140.4495
_86294,AnPhA-S116-01,F,Course Unavailable at Local School,Approved/Enrolled,4239.5495
_86429,AnPhA-S116-01,F,Scheduling Conflict,Approved/Enrolled,7003.0005
_86432,AnPhA-S116-01,M,Scheduling Conflict,Approved/Enrolled,3715.9002
_86446,AnPhA-S116-01,F,Scheduling Conflict,Approved/Enrolled,2527.6997
_86451,AnPhA-S116-01,F,Scheduling Conflict,Approved/Enrolled,4176.8337
_86476,AnPhA-S116-01,F,Course Unavailable at Local School,Approved/Enrolled,1937.5168
_86479,AnPhA-S116-01,F,Course Unavailable at Local School,Approved/Enrolled,2712.234
_86484,AnPhA-S116-01,M,Course Unavailable at Local School,Approved/Enrolled,1872.0336
_86488,AnPhA-S116-01,F,Course Unavailable at Local School,Approved/Enrolled,3599.7168
_86492,AnPhA-S116-01,F,Course Unavailable at Local School,Approved/Enrolled,893.1332
_86504,AnPhA-S116-01,F,Scheduling Conflict,Approved/Enrolled,1551.3498
_86588,AnPhA-S116-01,F,Scheduling Conflict,Approved/Enrolled,67.5167
_86608,AnPhA-S116-01,F,Course Unavailable at Local School,Approved/Enrolled,3109.0664
_87043,AnPhA-S116-01,F,Other,Approved/Enrolled,1587.1833
_87166,AnPhA-S116-01,M,Course Unavailable at Local School,Approved/Enrolled,1471.8833
_88050,AnPhA-S116-01,F,Course Unavailable at Local School,Approved/Enrolled,2130.6666
_88068,AnPhA-S116-01,F,Learning Preference of the Student,Approved/Enrolled,535.8334
_88099,AnPhA-S116-01,F,Learning Preference of the Student,Approved/Enrolled,2615.4998
_88153,AnPhA-S116-01,F,Scheduling Conflict,Approved/Enrolled,6954.6997
_88641,AnPhA-S116-01,F,Scheduling Conflict,Approved/Enrolled,1998.4998
_89142,AnPhA-S116-01,F,Other,Approved/Enrolled,3067.4676
_89194,AnPhA-S116-01,F,Learning Preference of the Student,Approved/Enrolled,317.2168
_89918,AnPhA-S116-01,F,Learning Preference of the Student,Approved/Enrolled,6009.3666
_90305,AnPhA-S116-01,F,Scheduling Conflict,Approved/Enrolled,2363.6832
_56152,AnPhA-S116-02,F,Scheduling Conflict,Approved/Enrolled,4438.8165
_57188,AnPhA-S116-02,M,Learning Preference of the Student,Approved/Enrolled,5305.4334
_65627,AnPhA-S116-02,F,Learning Preference of the Student,Approved/Enrolled,2164.9001
_70192,AnPhA-S116-02,F,Scheduling Conflict,Approved/Enrolled,1537.1834
_76930,AnPhA-S116-02,F,Learning Preference of the Student,Approved/Enrolled,2804.9832
_79220,AnPhA-S116-02,F,Course Unavailable at Local School,Approved/Enrolled,3781.6498
_86314,AnPhA-S116-02,F,Course Unavailable at Local School,Approved/Enrolled,3030.1667
_86707,AnPhA-S116-02,F,Course Unavailable at Local School,Approved/Enrolled,2143.133
_90394,AnPhA-S116-02,F,Course Unavailable at Local School,Approved/Enrolled,1886.5329
_90395,AnPhA-S116-02,F,Course Unavailable at Local School,Approved/Enrolled,2300.6664
_90396,AnPhA-S116-02,F,Course Unavailable at Local School,Approved/Enrolled,3544.8161
_90397,AnPhA-S116-02,F,Course Unavailable at Local School,Approved/Enrolled,2394.3497
_90398,AnPhA-S116-02,F,Course Unavailable at Local School,Approved/Enrolled,4264.25
_90399,AnPhA-S116-02,M,Course Unavailable at Local School,Approved/Enrolled,768.4833
_90956,AnPhA-S116-02,F,Other,Approved/Enrolled,1550.4668
_90971,AnPhA-S116-02,F,Other,Approved/Enrolled,3785.2838
_90995,AnPhA-S116-02,F,Learning Preference of the Student,Approved/Enrolled,202.2832
_91065,AnPhA-S116-02,M,Other,Approved/Enrolled,1334.7001
_91175,AnPhA-S116-02,F,Learning Preference of the Student,Approved/Enrolled,1315.25
_91319,AnPhA-S116-02,F,Other,Approved/Enrolled,686.2998
_91320,AnPhA-S116-02,M,Course Unavailable at Local School,Approved/Enrolled,584.9166
_91574,AnPhA-S116-02,M,Scheduling Conflict,Approved/Enrolled,2999.75
_91619,AnPhA-S116-02,M,Course Unavailable at Local School,Approved/Enrolled,1272.2331
_91634,AnPhA-S116-02,F,Course Unavailable at Local School,Approved/Enrolled,1857.8168
_91672,AnPhA-S116-02,F,Course Unavailable at Local School,Approved/Enrolled,2763.0331
_91709,AnPhA-S116-02,F,Course Unavailable at Local School,Approved/Enrolled,4315.8839
_91771,AnPhA-S116-02,M,Course Unavailable at Local School,Approved/Enrolled,540.5001
_91932,AnPhA-S116-02,M,Other,Approved/Enrolled,1182.9667
_92185,AnPhA-S116-02,F,Scheduling Conflict,Approved/Enrolled,6162.1998
_52326,AnPhA-S216-01,F,Other,Approved/Enrolled,1321.8164
_58168,AnPhA-S216-01,F,Other,Approved/Enrolled,433.3669
_67013,AnPhA-S216-01,M,Course Unavailable at Local School,Approved/Enrolled,2297.2332
_69743,AnPhA-S216-01,F,Course Unavailable at Local School,Approved/Enrolled,7084.7003
_71725,AnPhA-S216-01,F,Course Unavailable at Local School,Approved/Enrolled,3514.5498
_76673,AnPhA-S216-01,F,Course Unavailable at Local School,Approved/Enrolled,4945.2164
_76674,AnPhA-S216-01,F,Course Unavailable at Local School,Approved/Enrolled,2368.4997
_76840,AnPhA-S216-01,F,Course Unavailable at Local School,Approved/Enrolled,3968.1668
_76998,AnPhA-S216-01,F,Course Unavailable at Local School,Approved/Enrolled,1270.0997
_78164,AnPhA-S216-01,F,Learning Preference of the Student,Approved/Enrolled,2591.6168
_85248,AnPhA-S216-01,F,Course Unavailable at Local School,Approved/Enrolled,2269.8829
_86268,AnPhA-S216-01,F,Course Unavailable at Local School,Approved/Enrolled,1272.3172
_86942,AnPhA-S216-01,F,Scheduling Conflict,Approved/Enrolled,3101.5166
_88440,AnPhA-S216-01,M,Learning Preference of the Student,Approved/Enrolled,2544.4002
_88612,AnPhA-S216-01,F,Other,Approved/Enrolled,2258.9165
_91313,AnPhA-S216-01,M,Scheduling Conflict,Approved/Enrolled,3134.9666
_91326,AnPhA-S216-01,F,Other,Approved/Enrolled,657.1668
_94246,AnPhA-S216-01,M,Course Unavailable at Local School,Approved/Enrolled,1351.9003
_94691,AnPhA-S216-01,M,Course Unavailable at Local School,Approved/Enrolled,258.35
_94805,AnPhA-S216-01,F,Scheduling Conflict,Approved/Enrolled,4438.7165
_94846,AnPhA-S216-01,F,Course Unavailable at Local School,Approved/Enrolled,764.1668
_94872,AnPhA-S216-01,F,Other,Approved/Enrolled,3547.0667
_95014,AnPhA-S216-01,F,Course Unavailable at Local School,Approved/Enrolled,2999.9832
_95114,AnPhA-S216-01,F,Course Unavailable at Local School,Dropped,546.85
_95283,AnPhA-S216-01,F,Other,Approved/Enrolled,2689.4502
_95545,AnPhA-S216-01,F,Other,Approved/Enrolled,4284.4003
_95594,AnPhA-S216-01,M,Scheduling Conflict,Approved/Enrolled,1419.8
_95601,AnPhA-S216-01,F,Other,Approved/Enrolled,2915.5167
_95618,AnPhA-S216-01,F,Course Unavailable at Local School,Approved/Enrolled,3789.3996
_95620,AnPhA-S216-01,F,Course Unavailable at Local School,Approved/Enrolled,4013.3999
_95634,AnPhA-S216-01,F,Course Unavailable at Local School,Approved/Enrolled,4466.367
_95915,AnPhA-S216-01,F,Learning Preference of the Student,Approved/Enrolled,2670.7669
_95957,AnPhA-S216-01,M,Course Unavailable at Local School,Approved/Enrolled,3542.5501
_96228,AnPhA-S216-01,M,Scheduling Conflict,Approved/Enrolled,1747.1669
_96640,AnPhA-S216-01,F,Course Unavailable at Local School,Approved/Enrolled,769.2331
_96677,AnPhA-S216-01,F,Course Unavailable at Local School,Approved/Enrolled,11.0333
_96680,AnPhA-S216-01,F,Course Unavailable at Local School,Approved/Enrolled,1776.5166
_96690,AnPhA-S216-01,F,Course Unavailable at Local School,Approved/Enrolled,1969.5003
_96720,AnPhA-S216-01,F,Learning Preference of the Student,Approved/Enrolled,68.1167
_96853,AnPhA-S216-01,F,Course Unavailable at Local School,Approved/Enrolled,2521.2334
_96854,AnPhA-S216-01,F,Course Unavailable at Local School,Approved/Enrolled,2563.3833
_96959,AnPhA-S216-01,M,Course Unavailable at Local School,Approved/Enrolled,1727.2666
_96994,AnPhA-S216-01,F,Course Unavailable at Local School,Approved/Enrolled,2676.7501
_74552,AnPhA-S216-02,F,Other,Approved/Enrolled,6123.8832
_88979,AnPhA-S216-02,F,Scheduling Conflict,Dropped,364.5001
_91164,AnPhA-S216-02,F,Course Unavailable at Local School,Approved/Enrolled,4359.0996
_94219,AnPhA-S216-02,F,Learning Preference of the Student,Dropped,151.75
_94542,AnPhA-S216-02,F,Other,Approved/Enrolled,1558.5331
_94545,AnPhA-S216-02,F,Other,Approved/Enrolled,855.3833
_94550,AnPhA-S216-02,F,Other,Approved/Enrolled,2856.6166
_94898,AnPhA-S216-02,F,Other,Approved/Enrolled,1904.1662
_94903,AnPhA-S216-02,F,Course Unavailable at Local School,Approved/Enrolled,2288.5835
_95017,AnPhA-S216-02,F,Other,Approved/Enrolled,2773.6164
_95041,AnPhA-S216-02,F,Other,Approved/Enrolled,322.9502
_95160,AnPhA-S216-02,F,Course Unavailable at Local School,Approved/Enrolled,4154.4333
_95264,AnPhA-S216-02,M,Learning Preference of the Student,Dropped,237.3
_95377,AnPhA-S216-02,F,Learning Preference of the Student,Approved/Enrolled,1089.9667
_95919,AnPhA-S216-02,M,Course Unavailable at Local School,Approved/Enrolled,1937.4333
_96826,AnPhA-S216-02,F,Learning Preference of the Student,Approved/Enrolled,1073.95
_96871,AnPhA-S216-02,F,Other,Approved/Enrolled,244.3835
_66508,AnPhA-T116-01,F,Scheduling Conflict,Dropped,0.45
_76132,AnPhA-T116-01,F,Other,Approved/Enrolled,5037.3331
_79859,AnPhA-T116-01,F,Course Unavailable at Local School,Approved/Enrolled,2040.7333
_84640,AnPhA-T116-01,F,Course Unavailable at Local School,Approved/Enrolled,2362.1
_84641,AnPhA-T116-01,F,Course Unavailable at Local School,Approved/Enrolled,4614.4
_84749,AnPhA-T116-01,F,Course Unavailable at Local School,Approved/Enrolled,4199.4169
_84757,AnPhA-T116-01,F,Course Unavailable at Local School,Approved/Enrolled,128.6165
_87865,AnPhA-T116-01,F,Scheduling Conflict,Approved/Enrolled,1304.1168
_88995,AnPhA-T116-01,F,Course Unavailable at Local School,Approved/Enrolled,119.3169
_89005,AnPhA-T116-01,M,Course Unavailable at Local School,Approved/Enrolled,2429.3997
_90516,AnPhA-T116-01,F,Learning Preference of the Student,Approved/Enrolled,250.4331
_61965,BioA-S116-01,M,Learning Preference of the Student,Approved/Enrolled,615.2168
_68598,BioA-S116-01,F,Learning Preference of the Student,Approved/Enrolled,3331.6169
_69937,BioA-S116-01,F,Learning Preference of the Student,Withdrawn,1.2168
_70408,BioA-S116-01,F,Learning Preference of the Student,Approved/Enrolled,6664.4499
_70681,BioA-S116-01,F,Learning Preference of the Student,Approved/Enrolled,2602.2333
_71434,BioA-S116-01,M,Scheduling Conflict,Approved/Enrolled,1006.3337
_77169,BioA-S116-01,M,Scheduling Conflict,Approved/Enrolled,735.0999
_85292,BioA-S116-01,M,Scheduling Conflict,Approved/Enrolled,264.2002
_85889,BioA-S116-01,M,Learning Preference of the Student,Approved/Enrolled,297.5167
_86067,BioA-S116-01,F,Learning Preference of the Student,Approved/Enrolled,516.7003
_86110,BioA-S116-01,M,Learning Preference of the Student,Approved/Enrolled,3954.2997
_86113,BioA-S116-01,F,Other,Approved/Enrolled,63.6837
_86130,BioA-S116-01,F,Other,Approved/Enrolled,142.7337
_86202,BioA-S116-01,M,Credit Recovery,Approved/Enrolled,1391.0673
_86216,BioA-S116-01,M,Scheduling Conflict,Approved/Enrolled,1855.9338
_86580,BioA-S116-01,F,Learning Preference of the Student,Approved/Enrolled,1076.5339
_87081,BioA-S116-01,M,Other,Approved/Enrolled,181.5999
_87552,BioA-S116-01,F,Scheduling Conflict,Approved/Enrolled,1496.8001
_88568,BioA-S116-01,M,Other,Approved/Enrolled,1329.3997
_89300,BioA-S116-01,M,Scheduling Conflict,Approved/Enrolled,1132.1503
_90253,BioA-S116-01,F,Other,Approved/Enrolled,1803.8334
_90430,BioA-S116-01,F,Credit Recovery,Approved/Enrolled,2252.5
_90466,BioA-S116-01,F,Course Unavailable at Local School,Approved/Enrolled,658.4165
_90995,BioA-S116-01,F,Learning Preference of the Student,Approved/Enrolled,13.9333
_91066,BioA-S116-01,F,Other,Approved/Enrolled,222.9831
_91067,BioA-S116-01,F,Other,Approved/Enrolled,2920.9838
_91300,BioA-S116-01,F,Scheduling Conflict,Approved/Enrolled,1311.9998
_91351,BioA-S116-01,F,Other,Approved/Enrolled,206.2335
_91611,BioA-S116-01,F,Course Unavailable at Local School,Approved/Enrolled,616.3672
_91624,BioA-S116-01,M,Course Unavailable at Local School,Approved/Enrolled,583.1167
_92152,BioA-S116-01,F,Other,Approved/Enrolled,3214.3998
_92510,BioA-S116-01,M,Other,Approved/Enrolled,295.5494
_92606,BioA-S116-01,M,Learning Preference of the Student,Approved/Enrolled,10.1498
_92633,BioA-S116-01,M,Learning Preference of the Student,Approved/Enrolled,571.2834
_88568,BioA-S216-01,M,Other,Dropped,NA
_92606,BioA-S216-01,M,Other,Approved/Enrolled,306.2668
_95658,BioA-S216-01,F,Scheduling Conflict,Approved/Enrolled,644.2667
_95707,BioA-S216-01,F,Course Unavailable at Local School,Approved/Enrolled,4034.7502
_96950,BioA-S216-01,F,Credit Recovery,Approved/Enrolled,2264.4834
_97374,BioA-S216-01,F,Credit Recovery,Approved/Enrolled,470.8
_97386,BioA-S216-01,M,Other,Approved/Enrolled,71.0166
_84794,BioA-T116-01,M,Course Unavailable at Local School,Approved/Enrolled,919.5
_87689,BioA-T116-01,M,Other,Approved/Enrolled,1525.0333
_53447,FrScA-S116-01,F,Course Unavailable at Local School,Approved/Enrolled,1479.4166
_55283,FrScA-S116-01,F,Other,Withdrawn,3.9167
_61941,FrScA-S116-01,F,Course Unavailable at Local School,Approved/Enrolled,1637.9504
_68188,FrScA-S116-01,M,Course Unavailable at Local School,Approved/Enrolled,583.2498
_69072,FrScA-S116-01,F,Course Unavailable at Local School,Approved/Enrolled,956.1665
_70037,FrScA-S116-01,F,Course Unavailable at Local School,Approved/Enrolled,2591.1496
_76840,FrScA-S116-01,F,Course Unavailable at Local School,Approved/Enrolled,2634.6832
_77246,FrScA-S116-01,F,Course Unavailable at Local School,Approved/Enrolled,782.5002
_85323,FrScA-S116-01,F,Course Unavailable at Local School,Approved/Enrolled,1449.7001
_85416,FrScA-S116-01,F,Course Unavailable at Local School,Approved/Enrolled,846.5665
_85431,FrScA-S116-01,F,Course Unavailable at Local School,Approved/Enrolled,1448.9339
_85432,FrScA-S116-01,M,Course Unavailable at Local School,Approved/Enrolled,874.0172
_85433,FrScA-S116-01,M,Course Unavailable at Local School,Approved/Enrolled,2575.4667
_85443,FrScA-S116-01,F,Learning Preference of the Student,Approved/Enrolled,1564.633
_85539,FrScA-S116-01,F,Course Unavailable at Local School,Approved/Enrolled,2948.6174
_85579,FrScA-S116-01,F,Course Unavailable at Local School,Approved/Enrolled,2822.5166
_85649,FrScA-S116-01,F,Course Unavailable at Local School,Approved/Enrolled,1464.4668
_85650,FrScA-S116-01,M,Course Unavailable at Local School,Approved/Enrolled,2689.1334
_85651,FrScA-S116-01,M,Course Unavailable at Local School,Approved/Enrolled,565.7832
_85659,FrScA-S116-01,M,Course Unavailable at Local School,Dropped,NA
_85662,FrScA-S116-01,F,Course Unavailable at Local School,Dropped,107.8999
_85663,FrScA-S116-01,F,Course Unavailable at Local School,Approved/Enrolled,191.3834
_85665,FrScA-S116-01,F,Course Unavailable at Local School,Approved/Enrolled,4046.6159
_85668,FrScA-S116-01,F,Course Unavailable at Local School,Approved/Enrolled,379.1335
_85791,FrScA-S116-01,F,Course Unavailable at Local School,Approved/Enrolled,1461.8332
_85792,FrScA-S116-01,F,Course Unavailable at Local School,Approved/Enrolled,1687.3165
_85929,FrScA-S116-01,M,Learning Preference of the Student,Approved/Enrolled,1297.9167
_85930,FrScA-S116-01,F,Learning Preference of the Student,Approved/Enrolled,1647.2669
_86105,FrScA-S116-01,M,Learning Preference of the Student,Approved/Enrolled,4075.5504
_86271,FrScA-S116-01,F,Course Unavailable at Local School,Approved/Enrolled,282.7834
_86280,FrScA-S116-01,F,Course Unavailable at Local School,Approved/Enrolled,2167.9669
_86339,FrScA-S116-01,F,Scheduling Conflict,Approved/Enrolled,598.783
_86340,FrScA-S116-01,F,Scheduling Conflict,Approved/Enrolled,1077.3504
_86364,FrScA-S116-01,F,Other,Approved/Enrolled,3429.2834
_86365,FrScA-S116-01,F,Other,Approved/Enrolled,1027.7002
_86455,FrScA-S116-01,F,Other,Approved/Enrolled,1616.3337
_86476,FrScA-S116-01,F,Course Unavailable at Local School,Approved/Enrolled,1673.8004
_86543,FrScA-S116-01,F,Course Unavailable at Local School,Approved/Enrolled,1425.9832
_86679,FrScA-S116-01,F,Other,Approved/Enrolled,2267.4
_86709,FrScA-S116-01,M,Scheduling Conflict,Approved/Enrolled,1600.3334
_86792,FrScA-S116-01,F,Course Unavailable at Local School,Approved/Enrolled,879.1998
_86793,FrScA-S116-01,F,Course Unavailable at Local School,Approved/Enrolled,553.3835
_86794,FrScA-S116-01,M,Course Unavailable at Local School,Approved/Enrolled,1274.8167
_86803,FrScA-S116-01,F,Course Unavailable at Local School,Approved/Enrolled,3344.1504
_86815,FrScA-S116-01,F,Course Unavailable at Local School,Approved/Enrolled,1666.7332
_87010,FrScA-S116-01,F,Course Unavailable at Local School,Approved/Enrolled,1920.8168
_87027,FrScA-S116-01,F,Course Unavailable at Local School,Approved/Enrolled,1605.0336
_87093,FrScA-S116-01,M,Course Unavailable at Local School,Approved/Enrolled,486.65
_87163,FrScA-S116-01,F,Scheduling Conflict,Approved/Enrolled,1365.8501
_87484,FrScA-S116-01,F,Course Unavailable at Local School,Approved/Enrolled,3341.9499
_87485,FrScA-S116-01,M,Course Unavailable at Local School,Approved/Enrolled,1451.8836
_87489,FrScA-S116-01,M,Course Unavailable at Local School,Approved/Enrolled,1075.0999
_87504,FrScA-S116-01,F,Learning Preference of the Student,Approved/Enrolled,1330.8502
_87579,FrScA-S116-01,M,Scheduling Conflict,Approved/Enrolled,1451.9169
_87805,FrScA-S116-01,F,Course Unavailable at Local School,Approved/Enrolled,1388.1167
_87905,FrScA-S116-01,F,Course Unavailable at Local School,Approved/Enrolled,2166.8999
_87906,FrScA-S116-01,F,Learning Preference of the Student,Approved/Enrolled,1095.6001
_87914,FrScA-S116-01,F,Course Unavailable at Local School,Approved/Enrolled,1156.1668
_87927,FrScA-S116-01,F,Course Unavailable at Local School,Approved/Enrolled,3934.8498
_88261,FrScA-S116-01,F,Course Unavailable at Local School,Approved/Enrolled,1269.6667
_88493,FrScA-S116-01,F,Course Unavailable at Local School,Dropped,56.3166
_88501,FrScA-S116-01,M,Course Unavailable at Local School,Approved/Enrolled,3315.3331
_88527,FrScA-S116-01,F,Course Unavailable at Local School,Approved/Enrolled,1551.6665
_89128,FrScA-S116-01,F,Other,Approved/Enrolled,362.8837
_90095,FrScA-S116-01,F,Other,Approved/Enrolled,1476.0832
_90433,FrScA-S116-01,M,Course Unavailable at Local School,Approved/Enrolled,2689.2001
_91173,FrScA-S116-01,F,Course Unavailable at Local School,Approved/Enrolled,756.0998
_91471,FrScA-S116-01,M,Other,Approved/Enrolled,946.7998
_92143,FrScA-S116-01,F,Other,Approved/Enrolled,1792.1003
_92214,FrScA-S116-01,M,Course Unavailable at Local School,Approved/Enrolled,1101.833
_53475,FrScA-S116-02,F,Course Unavailable at Local School,Dropped,NA
_61357,FrScA-S116-02,F,Course Unavailable at Local School,Dropped,NA
_62157,FrScA-S116-02,F,Course Unavailable at Local School,Approved/Enrolled,2497.1666
_67762,FrScA-S116-02,F,Course Unavailable at Local School,Approved/Enrolled,801.2336
_68768,FrScA-S116-02,F,Course Unavailable at Local School,Approved/Enrolled,1966.0169
_77298,FrScA-S116-02,F,Course Unavailable at Local School,Approved/Enrolled,1907.6502
_85258,FrScA-S116-02,F,Course Unavailable at Local School,Dropped,NA
_85567,FrScA-S116-02,F,Course Unavailable at Local School,Approved/Enrolled,2544.3666
_85661,FrScA-S116-02,F,Course Unavailable at Local School,Approved/Enrolled,1375.4834
_85698,FrScA-S116-02,M,Course Unavailable at Local School,Approved/Enrolled,1070.2167
_86627,FrScA-S116-02,M,Course Unavailable at Local School,Approved/Enrolled,2193.117
_91340,FrScA-S116-02,F,Learning Preference of the Student,Approved/Enrolled,1182.9332
_57224,FrScA-S116-03,F,Course Unavailable at Local School,Approved/Enrolled,2356.4668
_70068,FrScA-S116-03,F,Course Unavailable at Local School,Approved/Enrolled,2101.933
_73132,FrScA-S116-03,F,Other,Approved/Enrolled,1746.5501
_77976,FrScA-S116-03,F,Course Unavailable at Local School,Approved/Enrolled,2448.4838
_78691,FrScA-S116-03,F,Learning Preference of the Student,Approved/Enrolled,1559.9667
_85573,FrScA-S116-03,F,Course Unavailable at Local School,Approved/Enrolled,1978.0169
_85574,FrScA-S116-03,F,Course Unavailable at Local School,Approved/Enrolled,1871.1168
_85700,FrScA-S116-03,M,Course Unavailable at Local School,Approved/Enrolled,787.2831
_85701,FrScA-S116-03,F,Course Unavailable at Local School,Approved/Enrolled,2381.6998
_85702,FrScA-S116-03,F,Course Unavailable at Local School,Approved/Enrolled,638.7338
_85704,FrScA-S116-03,F,Course Unavailable at Local School,Approved/Enrolled,1376.483
_85891,FrScA-S116-03,M,Course Unavailable at Local School,Approved/Enrolled,1784.2506
_86309,FrScA-S116-03,F,Course Unavailable at Local School,Approved/Enrolled,1219.4837
_86618,FrScA-S116-03,F,Course Unavailable at Local School,Approved/Enrolled,2393.4669
_86882,FrScA-S116-03,F,Course Unavailable at Local School,Approved/Enrolled,1294.8334
_88409,FrScA-S116-03,M,Learning Preference of the Student,Approved/Enrolled,2313.5495
_88636,FrScA-S116-03,M,Course Unavailable at Local School,Approved/Enrolled,1284.8333
_88835,FrScA-S116-03,F,Course Unavailable at Local School,Approved/Enrolled,2062.95
_88836,FrScA-S116-03,F,Learning Preference of the Student,Approved/Enrolled,152.7499
_88868,FrScA-S116-03,M,Course Unavailable at Local School,Approved/Enrolled,1174.3499
_88874,FrScA-S116-03,F,Course Unavailable at Local School,Approved/Enrolled,700.9668
_88886,FrScA-S116-03,F,Course Unavailable at Local School,Approved/Enrolled,1598.3499
_89144,FrScA-S116-03,F,Course Unavailable at Local School,Approved/Enrolled,2582.4167
_89165,FrScA-S116-03,F,Course Unavailable at Local School,Approved/Enrolled,2571.5334
_89168,FrScA-S116-03,F,Course Unavailable at Local School,Dropped,60.65
_89376,FrScA-S116-03,F,Other,Approved/Enrolled,3780.5335
_89388,FrScA-S116-03,F,Other,Approved/Enrolled,2999.8498
_90097,FrScA-S116-03,F,Course Unavailable at Local School,Approved/Enrolled,1145.5167
_90098,FrScA-S116-03,F,Course Unavailable at Local School,Approved/Enrolled,1692.6164
_90274,FrScA-S116-03,F,Course Unavailable at Local School,Approved/Enrolled,1517.5835
_90370,FrScA-S116-03,F,Other,Approved/Enrolled,3890
_90372,FrScA-S116-03,F,Course Unavailable at Local School,Approved/Enrolled,1378.984
_90589,FrScA-S116-03,F,Learning Preference of the Student,Dropped,123.1833
_90855,FrScA-S116-03,F,Course Unavailable at Local School,Approved/Enrolled,1103.0832
_90878,FrScA-S116-03,M,Scheduling Conflict,Approved/Enrolled,1178.0834
_92604,FrScA-S116-03,F,Course Unavailable at Local School,Approved/Enrolled,811.4334
_88075,FrScA-S116-04,F,Learning Preference of the Student,Approved/Enrolled,4323.8332
_90996,FrScA-S116-04,M,Course Unavailable at Local School,Dropped,58.1833
_91176,FrScA-S116-04,F,Course Unavailable at Local School,Approved/Enrolled,3868.5332
_91326,FrScA-S116-04,F,Other,Approved/Enrolled,792.6166
_91477,FrScA-S116-04,M,Other,Approved/Enrolled,1192.1837
_47448,FrScA-S216-01,F,Other,Approved/Enrolled,860.4335
_53475,FrScA-S216-01,F,Course Unavailable at Local School,Approved/Enrolled,1867.4169
_55078,FrScA-S216-01,M,Learning Preference of the Student,Approved/Enrolled,2130.7497
_57188,FrScA-S216-01,M,Learning Preference of the Student,Approved/Enrolled,2193.0833
_65116,FrScA-S216-01,F,Course Unavailable at Local School,Approved/Enrolled,1918.6166
_66689,FrScA-S216-01,F,Course Unavailable at Local School,Approved/Enrolled,1137.8334
_67463,FrScA-S216-01,F,Course Unavailable at Local School,Approved/Enrolled,1359.033
_68795,FrScA-S216-01,F,Course Unavailable at Local School,Approved/Enrolled,3022.5333
_69182,FrScA-S216-01,F,Course Unavailable at Local School,Approved/Enrolled,444.4832
_69397,FrScA-S216-01,F,Course Unavailable at Local School,Approved/Enrolled,1087.6003
_71110,FrScA-S216-01,F,Course Unavailable at Local School,Approved/Enrolled,2006.4003
_71415,FrScA-S216-01,M,Course Unavailable at Local School,Approved/Enrolled,408.4
_77190,FrScA-S216-01,F,Other,Approved/Enrolled,763.1498
_78000,FrScA-S216-01,M,Course Unavailable at Local School,Approved/Enrolled,1366.5835
_85123,FrScA-S216-01,F,Course Unavailable at Local School,Approved/Enrolled,1341.7002
_85258,FrScA-S216-01,F,Course Unavailable at Local School,Approved/Enrolled,2285.7836
_85287,FrScA-S216-01,F,Course Unavailable at Local School,Approved/Enrolled,156.5829
_85583,FrScA-S216-01,F,Course Unavailable at Local School,Approved/Enrolled,3382.9006
_85642,FrScA-S216-01,F,Course Unavailable at Local School,Approved/Enrolled,1627.3499
_85644,FrScA-S216-01,M,Course Unavailable at Local School,Approved/Enrolled,890.4333
_85659,FrScA-S216-01,M,Course Unavailable at Local School,Approved/Enrolled,816.7002
_85796,FrScA-S216-01,F,Course Unavailable at Local School,Approved/Enrolled,1024.7833
_86229,FrScA-S216-01,F,Course Unavailable at Local School,Approved/Enrolled,1210.0499
_86251,FrScA-S216-01,F,Other,Approved/Enrolled,1374.95
_86349,FrScA-S216-01,F,Scheduling Conflict,Approved/Enrolled,847.9663
_86490,FrScA-S216-01,F,Course Unavailable at Local School,Approved/Enrolled,1101.2833
_86515,FrScA-S216-01,M,Course Unavailable at Local School,Approved/Enrolled,846.0835
_86836,FrScA-S216-01,F,Course Unavailable at Local School,Approved/Enrolled,1422.7335
_87020,FrScA-S216-01,F,Course Unavailable at Local School,Approved/Enrolled,1788.9003
_87861,FrScA-S216-01,F,Course Unavailable at Local School,Approved/Enrolled,3303.3832
_88596,FrScA-S216-01,F,Course Unavailable at Local School,Approved/Enrolled,1395.8998
_88845,FrScA-S216-01,F,Course Unavailable at Local School,Approved/Enrolled,1075.6163
_88854,FrScA-S216-01,M,Course Unavailable at Local School,Approved/Enrolled,885.9167
_89333,FrScA-S216-01,F,Other,Approved/Enrolled,945.417
_89345,FrScA-S216-01,M,Course Unavailable at Local School,Dropped,48.4333
_89374,FrScA-S216-01,F,Scheduling Conflict,Approved/Enrolled,2517.95
_89465,FrScA-S216-01,M,Course Unavailable at Local School,Dropped,24.65
_90029,FrScA-S216-01,F,Other,Approved/Enrolled,766.5663
_90277,FrScA-S216-01,M,Course Unavailable at Local School,Approved/Enrolled,1097.8003
_90394,FrScA-S216-01,F,Course Unavailable at Local School,Approved/Enrolled,871.2833
_90622,FrScA-S216-01,F,Course Unavailable at Local School,Approved/Enrolled,1077.1836
_90636,FrScA-S216-01,M,Course Unavailable at Local School,Approved/Enrolled,849.6835
_90989,FrScA-S216-01,F,Learning Preference of the Student,Approved/Enrolled,1821.6838
_91212,FrScA-S216-01,F,Course Unavailable at Local School,Approved/Enrolled,906.8832
_92124,FrScA-S216-01,M,Other,Approved/Enrolled,918.1832
_94070,FrScA-S216-01,M,Other,Approved/Enrolled,2469.4006
_94135,FrScA-S216-01,F,Other,Approved/Enrolled,706.2332
_94156,FrScA-S216-01,F,Course Unavailable at Local School,Approved/Enrolled,2598.5669
_94172,FrScA-S216-01,F,Course Unavailable at Local School,Approved/Enrolled,1835.5833
_94257,FrScA-S216-01,F,Course Unavailable at Local School,Approved/Enrolled,1175.833
_94288,FrScA-S216-01,M,Course Unavailable at Local School,Approved/Enrolled,3058.6498
_94292,FrScA-S216-01,M,Other,Approved/Enrolled,3135.3167
_94331,FrScA-S216-01,F,Learning Preference of the Student,Approved/Enrolled,524.7165
_94332,FrScA-S216-01,M,Course Unavailable at Local School,Approved/Enrolled,1272.7337
_94356,FrScA-S216-01,F,Scheduling Conflict,Dropped,160.4166
_94370,FrScA-S216-01,M,Learning Preference of the Student,Approved/Enrolled,940.3001
_94376,FrScA-S216-01,F,Course Unavailable at Local School,Approved/Enrolled,1434.3999
_94400,FrScA-S216-01,M,Learning Preference of the Student,Approved/Enrolled,2111.7837
_94402,FrScA-S216-01,M,Course Unavailable at Local School,Approved/Enrolled,177.7168
_94404,FrScA-S216-01,F,Learning Preference of the Student,Approved/Enrolled,1665.1169
_94419,FrScA-S216-01,M,Other,Approved/Enrolled,1095.1999
_94586,FrScA-S216-01,F,Learning Preference of the Student,Approved/Enrolled,791.0503
_94661,FrScA-S216-01,F,Course Unavailable at Local School,Approved/Enrolled,1705.1165
_94756,FrScA-S216-01,F,Course Unavailable at Local School,Approved/Enrolled,1122.5334
_94824,FrScA-S216-01,F,Course Unavailable at Local School,Approved/Enrolled,2414.5498
_94869,FrScA-S216-01,F,Course Unavailable at Local School,Approved/Enrolled,955.3
_95005,FrScA-S216-01,F,Other,Approved/Enrolled,2182.8836
_95045,FrScA-S216-01,F,Course Unavailable at Local School,Approved/Enrolled,2977.4502
_95165,FrScA-S216-01,F,Course Unavailable at Local School,Approved/Enrolled,1113.2168
_95360,FrScA-S216-01,F,Other,Approved/Enrolled,1613.3166
_95449,FrScA-S216-01,F,Other,Approved/Enrolled,1232.8665
_95485,FrScA-S216-01,M,Course Unavailable at Local School,Approved/Enrolled,193.0498
_95621,FrScA-S216-01,F,Course Unavailable at Local School,Approved/Enrolled,1903.0337
_95632,FrScA-S216-01,M,Course Unavailable at Local School,Approved/Enrolled,948.1999
_95633,FrScA-S216-01,M,Course Unavailable at Local School,Approved/Enrolled,981.7835
_95684,FrScA-S216-01,M,Course Unavailable at Local School,Approved/Enrolled,88.5167
_95726,FrScA-S216-01,F,Course Unavailable at Local School,Approved/Enrolled,1823.8667
_95743,FrScA-S216-01,F,Course Unavailable at Local School,Approved/Enrolled,3122.9167
_95896,FrScA-S216-01,F,Learning Preference of the Student,Approved/Enrolled,1133.2169
_95989,FrScA-S216-01,M,Course Unavailable at Local School,Approved/Enrolled,873.6171
_95991,FrScA-S216-01,F,Course Unavailable at Local School,Approved/Enrolled,870.3836
_43146,FrScA-S216-02,F,Course Unavailable at Local School,Approved/Enrolled,1555.1667
_77067,FrScA-S216-02,F,Course Unavailable at Local School,Dropped,40.4334
_77141,FrScA-S216-02,F,Course Unavailable at Local School,Approved/Enrolled,3020.7167
_77980,FrScA-S216-02,F,Course Unavailable at Local School,Approved/Enrolled,3031.3165
_87988,FrScA-S216-02,F,Course Unavailable at Local School,Dropped,7.8831
_88048,FrScA-S216-02,F,Course Unavailable at Local School,Approved/Enrolled,2269.133
_89994,FrScA-S216-02,F,Course Unavailable at Local School,Approved/Enrolled,2310.3333
_91410,FrScA-S216-02,M,Course Unavailable at Local School,Approved/Enrolled,857.6167
_91550,FrScA-S216-02,F,Course Unavailable at Local School,Approved/Enrolled,1722.1833
_91607,FrScA-S216-02,M,Course Unavailable at Local School,Approved/Enrolled,608.0833
_91943,FrScA-S216-02,F,Course Unavailable at Local School,Approved/Enrolled,3429.0336
_95476,FrScA-S216-02,F,Course Unavailable at Local School,Approved/Enrolled,1038.0003
_95919,FrScA-S216-02,M,Course Unavailable at Local School,Approved/Enrolled,1636.5333
_95923,FrScA-S216-02,F,Course Unavailable at Local School,Approved/Enrolled,1276.7667
_95925,FrScA-S216-02,F,Course Unavailable at Local School,Approved/Enrolled,2111.8333
_96082,FrScA-S216-02,M,Course Unavailable at Local School,Approved/Enrolled,1250.7833
_96134,FrScA-S216-02,F,Learning Preference of the Student,Approved/Enrolled,2047.7501
_96142,FrScA-S216-02,F,Course Unavailable at Local School,Approved/Enrolled,1548.7666
_96189,FrScA-S216-02,F,Course Unavailable at Local School,Approved/Enrolled,1268.1002
_96280,FrScA-S216-02,F,Course Unavailable at Local School,Approved/Enrolled,914.8667
_96414,FrScA-S216-02,F,Learning Preference of the Student,Approved/Enrolled,310.9335
_96433,FrScA-S216-02,F,Course Unavailable at Local School,Approved/Enrolled,2427.9167
_96769,FrScA-S216-02,M,Course Unavailable at Local School,Approved/Enrolled,510.8667
_96841,FrScA-S216-02,M,Course Unavailable at Local School,Approved/Enrolled,1670.95
_97441,FrScA-S216-02,M,Credit Recovery,Approved/Enrolled,208.6664
_51943,FrScA-S216-03,M,Learning Preference of the Student,Withdrawn,3.4501
_85348,FrScA-S216-03,F,Course Unavailable at Local School,Approved/Enrolled,608.2501
_94369,FrScA-S216-03,F,Course Unavailable at Local School,Approved/Enrolled,1753.5833
_69544,FrScA-S216-04,F,Course Unavailable at Local School,Approved/Enrolled,2673.3831
_85867,FrScA-S216-04,F,Course Unavailable at Local School,Approved/Enrolled,1283.4669
_86002,FrScA-S216-04,F,Other,Approved/Enrolled,501.1839
_88311,FrScA-S216-04,M,Course Unavailable at Local School,Approved/Enrolled,1660.9829
_96048,FrScA-S216-04,M,Learning Preference of the Student,Approved/Enrolled,1665.1665
_64930,FrScA-T116-01,F,Course Unavailable at Local School,Approved/Enrolled,3424.5662
_72287,FrScA-T116-01,F,Learning Preference of the Student,Approved/Enrolled,3946.5666
_87693,FrScA-T116-01,F,Course Unavailable at Local School,Approved/Enrolled,2479.8167
_87866,FrScA-T116-01,F,Course Unavailable at Local School,Approved/Enrolled,1988.8836
_44638,OcnA-S116-01,M,Course Unavailable at Local School,Approved/Enrolled,1382.7001
_54066,OcnA-S116-01,F,Other,Approved/Enrolled,2625.5164
_54346,OcnA-S116-01,F,Course Unavailable at Local School,Approved/Enrolled,1191.3836
_57981,OcnA-S116-01,F,Learning Preference of the Student,Approved/Enrolled,3343.3333
_58178,OcnA-S116-01,M,Course Unavailable at Local School,Approved/Enrolled,3502.0004
_66740,OcnA-S116-01,F,Course Unavailable at Local School,Approved/Enrolled,965.2994
_67920,OcnA-S116-01,M,Course Unavailable at Local School,Approved/Enrolled,4094.9995
_76891,OcnA-S116-01,F,Other,Approved/Enrolled,2334.5502
_85355,OcnA-S116-01,F,Course Unavailable at Local School,Approved/Enrolled,594.6165
_85644,OcnA-S116-01,M,Course Unavailable at Local School,Approved/Enrolled,1632.4
_86349,OcnA-S116-01,F,Course Unavailable at Local School,Approved/Enrolled,1601.1335
_86460,OcnA-S116-01,F,Other,Approved/Enrolled,1891.1999
_86758,OcnA-S116-01,F,Course Unavailable at Local School,Approved/Enrolled,3742.8836
_86836,OcnA-S116-01,F,Course Unavailable at Local School,Dropped,46.6833
_86943,OcnA-S116-01,M,Scheduling Conflict,Approved/Enrolled,1377.5666
_87970,OcnA-S116-01,F,Course Unavailable at Local School,Approved/Enrolled,3123.3502
_88440,OcnA-S116-01,M,Learning Preference of the Student,Approved/Enrolled,2600.1334
_88854,OcnA-S116-01,M,Learning Preference of the Student,Approved/Enrolled,762.5997
_89114,OcnA-S116-01,F,Learning Preference of the Student,Approved/Enrolled,1092.3662
_89435,OcnA-S116-01,F,Course Unavailable at Local School,Approved/Enrolled,6348.4492
_89487,OcnA-S116-01,F,Course Unavailable at Local School,Approved/Enrolled,2151.1498
_90562,OcnA-S116-01,M,Course Unavailable at Local School,Approved/Enrolled,1389.3161
_90861,OcnA-S116-01,M,Course Unavailable at Local School,Approved/Enrolled,2454.3332
_90928,OcnA-S116-01,M,Course Unavailable at Local School,Approved/Enrolled,3900.2504
_91635,OcnA-S116-01,F,Course Unavailable at Local School,Approved/Enrolled,3797.3334
_91818,OcnA-S116-01,M,Other,Approved/Enrolled,1651.5005
_54282,OcnA-S116-02,F,Course Unavailable at Local School,Approved/Enrolled,2025.1672
_54342,OcnA-S116-02,F,Learning Preference of the Student,Approved/Enrolled,1581.0831
_68476,OcnA-S116-02,F,Course Unavailable at Local School,Approved/Enrolled,969.4666
_85410,OcnA-S116-02,F,Course Unavailable at Local School,Approved/Enrolled,6771.9673
_85482,OcnA-S116-02,M,Course Unavailable at Local School,Approved/Enrolled,1822.5494
_85487,OcnA-S116-02,F,Course Unavailable at Local School,Dropped,0.5833
_86133,OcnA-S116-02,M,Course Unavailable at Local School,Approved/Enrolled,1581.7665
_86689,OcnA-S116-02,M,Course Unavailable at Local School,Approved/Enrolled,2457.1828
_87001,OcnA-S116-02,M,Course Unavailable at Local School,Approved/Enrolled,1202.6335
_87122,OcnA-S116-02,F,Course Unavailable at Local School,Approved/Enrolled,546.4335
_87209,OcnA-S116-02,F,Learning Preference of the Student,Approved/Enrolled,3755.1506
_88166,OcnA-S116-02,F,Scheduling Conflict,Approved/Enrolled,2137.7164
_88168,OcnA-S116-02,F,Scheduling Conflict,Approved/Enrolled,2885.7832
_90090,OcnA-S116-02,F,Other,Approved/Enrolled,1430.217
_92021,OcnA-S116-02,F,Course Unavailable at Local School,Approved/Enrolled,758.3668
_88307,OcnA-S116-03,M,Course Unavailable at Local School,Approved/Enrolled,1811.9338
_47979,OcnA-S216-01,M,Course Unavailable at Local School,Approved/Enrolled,1598.6166
_62175,OcnA-S216-01,F,Learning Preference of the Student,Approved/Enrolled,1403.6834
_68022,OcnA-S216-01,F,Course Unavailable at Local School,Approved/Enrolled,39.7504
_76443,OcnA-S216-01,F,Course Unavailable at Local School,Withdrawn,100.3334
_80822,OcnA-S216-01,M,Learning Preference of the Student,Approved/Enrolled,4538.4835
_84932,OcnA-S216-01,F,Course Unavailable at Local School,Approved/Enrolled,2573.4502
_86240,OcnA-S216-01,M,Course Unavailable at Local School,Approved/Enrolled,1800.2174
_86296,OcnA-S216-01,F,Course Unavailable at Local School,Approved/Enrolled,403.8
_86340,OcnA-S216-01,F,Course Unavailable at Local School,Dropped,111.5834
_86455,OcnA-S216-01,F,Other,Approved/Enrolled,2337.4167
_86527,OcnA-S216-01,F,Course Unavailable at Local School,Approved/Enrolled,2211.5331
_87670,OcnA-S216-01,F,Course Unavailable at Local School,Approved/Enrolled,1995.5832
_87825,OcnA-S216-01,M,Course Unavailable at Local School,Approved/Enrolled,330.7998
_88474,OcnA-S216-01,F,Other,Approved/Enrolled,4112.7673
_88504,OcnA-S216-01,F,Course Unavailable at Local School,Dropped,68.6333
_88849,OcnA-S216-01,M,Scheduling Conflict,Approved/Enrolled,4799.483
_90996,OcnA-S216-01,M,Course Unavailable at Local School,Approved/Enrolled,44.7332
_94319,OcnA-S216-01,F,Course Unavailable at Local School,Approved/Enrolled,1588.55
_94323,OcnA-S216-01,F,Course Unavailable at Local School,Approved/Enrolled,4214.7332
_94590,OcnA-S216-01,M,Course Unavailable at Local School,Approved/Enrolled,1428.0167
_94630,OcnA-S216-01,F,Course Unavailable at Local School,Approved/Enrolled,245.2834
_94654,OcnA-S216-01,M,Course Unavailable at Local School,Approved/Enrolled,3140.7669
_94717,OcnA-S216-01,M,Course Unavailable at Local School,Approved/Enrolled,821.9161
_94744,OcnA-S216-01,M,Course Unavailable at Local School,Approved/Enrolled,8870.8833
_94956,OcnA-S216-01,F,Course Unavailable at Local School,Approved/Enrolled,1242.6
_95091,OcnA-S216-01,M,Course Unavailable at Local School,Approved/Enrolled,3475.8
_95504,OcnA-S216-01,F,Other,Approved/Enrolled,451.8001
_95533,OcnA-S216-01,M,Course Unavailable at Local School,Approved/Enrolled,1591.2504
_95725,OcnA-S216-01,M,Course Unavailable at Local School,Approved/Enrolled,1886.3334
_95738,OcnA-S216-01,F,Course Unavailable at Local School,Dropped,163.6832
_95770,OcnA-S216-01,F,Course Unavailable at Local School,Approved/Enrolled,3003.6162
_96121,OcnA-S216-01,F,Course Unavailable at Local School,Approved/Enrolled,1320.5499
_96345,OcnA-S216-01,F,Scheduling Conflict,Approved/Enrolled,1540.1833
_96373,OcnA-S216-01,F,Course Unavailable at Local School,Approved/Enrolled,2449.6827
_96374,OcnA-S216-01,F,Course Unavailable at Local School,Approved/Enrolled,2626.9001
_96412,OcnA-S216-01,F,Course Unavailable at Local School,Approved/Enrolled,943.0669
_96671,OcnA-S216-01,M,Course Unavailable at Local School,Approved/Enrolled,1734.6833
_96689,OcnA-S216-01,F,Course Unavailable at Local School,Approved/Enrolled,1858.3502
_96756,OcnA-S216-01,F,Course Unavailable at Local School,Approved/Enrolled,3967.3171
_96856,OcnA-S216-01,F,Course Unavailable at Local School,Approved/Enrolled,529.2335
_97006,OcnA-S216-01,F,Scheduling Conflict,Approved/Enrolled,2399.5166
_97272,OcnA-S216-01,F,Other,Approved/Enrolled,1638.45
_54567,OcnA-S216-02,M,Course Unavailable at Local School,Approved/Enrolled,1180.2664
_78002,OcnA-S216-02,F,Other,Approved/Enrolled,1290.4502
_78241,OcnA-S216-02,F,Course Unavailable at Local School,Approved/Enrolled,26.9168
_86697,OcnA-S216-02,F,Other,Approved/Enrolled,1133.4667
_88642,OcnA-S216-02,F,Course Unavailable at Local School,Approved/Enrolled,1980.6001
_88803,OcnA-S216-02,M,Credit Recovery,Approved/Enrolled,2015.5833
_88864,OcnA-S216-02,F,Learning Preference of the Student,Approved/Enrolled,2231.3667
_91163,OcnA-S216-02,F,Course Unavailable at Local School,Approved/Enrolled,6243.9003
_91252,OcnA-S216-02,M,Course Unavailable at Local School,Approved/Enrolled,1479.8998
_94240,OcnA-S216-02,F,Course Unavailable at Local School,Approved/Enrolled,2276.3169
_94327,OcnA-S216-02,M,Course Unavailable at Local School,Approved/Enrolled,580.3167
_94556,OcnA-S216-02,F,Course Unavailable at Local School,Approved/Enrolled,2287.2334
_94577,OcnA-S216-02,M,Course Unavailable at Local School,Approved/Enrolled,1697.5829
_94876,OcnA-S216-02,F,Course Unavailable at Local School,Approved/Enrolled,57.6666
_95368,OcnA-S216-02,M,Course Unavailable at Local School,Approved/Enrolled,3368.0167
_95375,OcnA-S216-02,F,Learning Preference of the Student,Approved/Enrolled,224.7166
_95624,OcnA-S216-02,F,Course Unavailable at Local School,Approved/Enrolled,2111.0837
_95868,OcnA-S216-02,F,Other,Approved/Enrolled,1929.4
_95921,OcnA-S216-02,M,Course Unavailable at Local School,Approved/Enrolled,960.2998
_79893,OcnA-T116-01,F,Learning Preference of the Student,Approved/Enrolled,1856.6669
_84645,OcnA-T116-01,F,Scheduling Conflict,Approved/Enrolled,48.0332
_84684,OcnA-T116-01,F,Course Unavailable at Local School,Approved/Enrolled,3095.2494
_84685,OcnA-T116-01,F,Course Unavailable at Local School,Approved/Enrolled,3073.6162
_87955,OcnA-T116-01,F,Course Unavailable at Local School,Approved/Enrolled,2420.5994
_88282,OcnA-T116-01,F,Course Unavailable at Local School,Approved/Enrolled,2373.7169
_88340,OcnA-T116-01,F,Course Unavailable at Local School,Approved/Enrolled,444.5
_88703,OcnA-T116-01,F,Learning Preference of the Student,Approved/Enrolled,1233.3832
_48797,PhysA-S116-01,M,Learning Preference of the Student,Approved/Enrolled,1481.8
_52446,PhysA-S116-01,F,Learning Preference of the Student,Approved/Enrolled,1390.2167
_54434,PhysA-S116-01,F,Learning Preference of the Student,Approved/Enrolled,1231.8666
_55140,PhysA-S116-01,M,Course Unavailable at Local School,Approved/Enrolled,2083.3167
_57489,PhysA-S116-01,M,Course Unavailable at Local School,Approved/Enrolled,1863.5169
_62576,PhysA-S116-01,M,Course Unavailable at Local School,Approved/Enrolled,793.95
_62752,PhysA-S116-01,M,Course Unavailable at Local School,Approved/Enrolled,898.2998
_62754,PhysA-S116-01,M,Course Unavailable at Local School,Approved/Enrolled,674.3167
_74551,PhysA-S116-01,F,Learning Preference of the Student,Approved/Enrolled,1014.5665
_76133,PhysA-S116-01,F,Other,Approved/Enrolled,1276.5167
_76426,PhysA-S116-01,F,Learning Preference of the Student,Approved/Enrolled,850.7329
_79128,PhysA-S116-01,M,Other,Approved/Enrolled,1910.2338
_79352,PhysA-S116-01,M,Other,Approved/Enrolled,1062.8665
_79596,PhysA-S116-01,F,Other,Approved/Enrolled,1546.4166
_85390,PhysA-S116-01,F,Learning Preference of the Student,Approved/Enrolled,0.7
_85522,PhysA-S116-01,F,Other,Approved/Enrolled,968.3333
_85953,PhysA-S116-01,M,Other,Approved/Enrolled,3255.3003
_85962,PhysA-S116-01,F,Learning Preference of the Student,Approved/Enrolled,1349.9664
_86353,PhysA-S116-01,M,Learning Preference of the Student,Approved/Enrolled,328.5168
_87171,PhysA-S116-01,F,Course Unavailable at Local School,Approved/Enrolled,768.6994
_88091,PhysA-S116-01,M,Learning Preference of the Student,Approved/Enrolled,262.5502
_88296,PhysA-S116-01,M,Scheduling Conflict,Approved/Enrolled,1190.5998
_88381,PhysA-S116-01,M,Learning Preference of the Student,Approved/Enrolled,1120.367
_88481,PhysA-S116-01,F,Scheduling Conflict,Approved/Enrolled,642.0504
_89295,PhysA-S116-01,F,Learning Preference of the Student,Approved/Enrolled,532.7998
_89395,PhysA-S116-01,M,Course Unavailable at Local School,Approved/Enrolled,2432.7831
_89425,PhysA-S116-01,M,Course Unavailable at Local School,Approved/Enrolled,2173.1333
_89490,PhysA-S116-01,F,Course Unavailable at Local School,Approved/Enrolled,2046.9998
_90326,PhysA-S116-01,M,Learning Preference of the Student,Approved/Enrolled,509.5167
_90333,PhysA-S116-01,M,Other,Approved/Enrolled,231.7502
_91030,PhysA-S116-01,M,Course Unavailable at Local School,Approved/Enrolled,1302.8501
_91038,PhysA-S116-01,M,Learning Preference of the Student,Approved/Enrolled,1639.4498
_91575,PhysA-S116-01,M,Course Unavailable at Local School,Approved/Enrolled,2219.916
_91633,PhysA-S116-01,M,Learning Preference of the Student,Approved/Enrolled,1510.7002
_91821,PhysA-S116-01,M,Other,Approved/Enrolled,377.7002
_92511,PhysA-S116-01,M,Learning Preference of the Student,Approved/Enrolled,125.0666
_92724,PhysA-S116-01,M,Other,Approved/Enrolled,2700.6668
_92725,PhysA-S116-01,M,Other,Approved/Enrolled,2058.4167
_92726,PhysA-S116-01,M,Other,Approved/Enrolled,1901.9166
_92727,PhysA-S116-01,M,Other,Approved/Enrolled,898
_92729,PhysA-S116-01,M,Other,Approved/Enrolled,1691.5998
_92732,PhysA-S116-01,M,Other,Approved/Enrolled,2199.3
_92733,PhysA-S116-01,F,Other,Approved/Enrolled,1020.5828
_92740,PhysA-S116-01,M,Other,Approved/Enrolled,1272.7001
_92741,PhysA-S116-01,F,Other,Approved/Enrolled,5373.3502
_92743,PhysA-S116-01,M,Other,Approved/Enrolled,1711.0164
_67102,PhysA-S216-01,M,Scheduling Conflict,Approved/Enrolled,719.2833
_70187,PhysA-S216-01,F,Scheduling Conflict,Approved/Enrolled,719.1165
_78153,PhysA-S216-01,F,Learning Preference of the Student,Approved/Enrolled,1769.8667
_94189,PhysA-S216-01,F,Learning Preference of the Student,Approved/Enrolled,2321.7998
_94251,PhysA-S216-01,F,Scheduling Conflict,Approved/Enrolled,4552.0833
_94970,PhysA-S216-01,F,Scheduling Conflict,Approved/Enrolled,2415.2493
_95266,PhysA-S216-01,F,Course Unavailable at Local School,Approved/Enrolled,609.7999
_95283,PhysA-S216-01,F,Other,Dropped,47
_95578,PhysA-S216-01,F,Other,Approved/Enrolled,2201.5503
_96027,PhysA-S216-01,M,Other,Approved/Enrolled,2363.2667
_96090,PhysA-S216-01,M,Learning Preference of the Student,Approved/Enrolled,112.5167
_96472,PhysA-S216-01,M,Other,Approved/Enrolled,377.3498
_96590,PhysA-S216-01,M,Other,Approved/Enrolled,262.1667
_96808,PhysA-S216-01,F,Scheduling Conflict,Approved/Enrolled,2446.3169
_96867,PhysA-S216-01,M,Scheduling Conflict,Approved/Enrolled,1841.7836
_97150,PhysA-S216-01,F,Course Unavailable at Local School,Approved/Enrolled,759.3335
_97265,PhysA-S216-01,M,Course Unavailable at Local School,Approved/Enrolled,817.4501
_66508,PhysA-T116-01,F,Scheduling Conflict,Approved/Enrolled,2823.7501
_84632,PhysA-T116-01,F,Scheduling Conflict,Approved/Enrolled,1289.1006
_101424,FrScA-S217-01,F,Other,Approved/Enrolled,1972.5331
_106952,FrScA-S217-01,F,Other,Approved/Enrolled,910.8335
_104092,FrScA-S217-02,M,Other,Approved/Enrolled,6537.0172
_112764,FrScA-S217-01,F,Course Unavailable at Local School,Approved/Enrolled,2384.4167
_102083,FrScA-S217-01,F,Course Unavailable at Local School,Approved/Enrolled,1548.4834
_112787,FrScA-S217-01,F,Course Unavailable at Local School,Approved/Enrolled,5907.3006
_101941,FrScA-S217-02,M,Course Unavailable at Local School,Dropped,70.6
_101986,OcnA-S217-01,F,Course Unavailable at Local School,Approved/Enrolled,2072.3333
_91097,OcnA-S217-01,F,Learning Preference of the Student,Approved/Enrolled,5520.3666
_108147,AnPhA-S217-02,F,Other,Approved/Enrolled,2165.9499
_106879,OcnA-S217-01,F,Learning Preference of the Student,Approved/Enrolled,4354.7668
_86076,FrScA-S217-01,F,Course Unavailable at Local School,Approved/Enrolled,1404.9002
_112845,AnPhA-S217-02,F,Scheduling Conflict,Dropped,249.5
_112869,FrScA-S217-02,F,Course Unavailable at Local School,Approved/Enrolled,1311.8501
_112870,FrScA-S217-02,F,Course Unavailable at Local School,Approved/Enrolled,1285.3169
_101162,AnPhA-S217-01,F,Course Unavailable at Local School,Approved/Enrolled,2622.1668
_103130,FrScA-S217-01,F,Learning Preference of the Student,Approved/Enrolled,1844.8334
_112924,OcnA-S217-01,M,Course Unavailable at Local School,Approved/Enrolled,1325.984
_101301,FrScA-S217-01,F,Course Unavailable at Local School,Approved/Enrolled,2067.5328
_104671,FrScA-S217-01,M,Course Unavailable at Local School,Approved/Enrolled,975.2335
_112941,OcnA-S217-01,M,Course Unavailable at Local School,Approved/Enrolled,1452.3165
_106413,FrScA-S217-02,M,Course Unavailable at Local School,Approved/Enrolled,1007.8825
_102332,FrScA-S217-02,M,Learning Preference of the Student,Dropped,2.4167
_101835,FrScA-S217-01,M,Course Unavailable at Local School,Approved/Enrolled,270.55
_104970,FrScA-S217-02,M,Other,Approved/Enrolled,1309.3503
_87680,OcnA-S217-01,F,Course Unavailable at Local School,Approved/Enrolled,4925.5337
_110564,FrScA-S217-02,F,Course Unavailable at Local School,Approved/Enrolled,1275.183
_86638,FrScA-S217-02,F,Course Unavailable at Local School,Approved/Enrolled,1384.7334
_113112,AnPhA-S217-02,M,Course Unavailable at Local School,Approved/Enrolled,2576.7168
_107599,AnPhA-S217-01,M,Course Unavailable at Local School,Approved/Enrolled,1815.1664
_103353,FrScA-S217-01,F,Scheduling Conflict,Approved/Enrolled,4236.1668
_86668,FrScA-S217-01,M,Course Unavailable at Local School,Approved/Enrolled,3690.0332
_113232,FrScA-S217-03,F,Course Unavailable at Local School,Approved/Enrolled,1714.0667
_98000,FrScA-S217-01,F,Course Unavailable at Local School,Approved/Enrolled,1284.0002
_101031,FrScA-S217-01,F,Course Unavailable at Local School,Approved/Enrolled,2406.4668
_67455,FrScA-S217-01,M,Course Unavailable at Local School,Approved/Enrolled,1467.1338
_54744,FrScA-S217-01,M,Course Unavailable at Local School,Approved/Enrolled,87.5833
_113225,FrScA-S217-01,F,Course Unavailable at Local School,Approved/Enrolled,965.6501
_85650,OcnA-S217-03,M,Course Unavailable at Local School,Approved/Enrolled,1875.0165
_113249,OcnA-S217-03,F,Course Unavailable at Local School,Approved/Enrolled,1604.333
_110487,OcnA-S217-03,F,Other,Approved/Enrolled,2442.9664
_86763,AnPhA-S217-02,F,Other,Dropped,316.6501
_77076,FrScA-S217-02,M,Course Unavailable at Local School,Approved/Enrolled,483.9665
_113257,FrScA-S217-02,F,Course Unavailable at Local School,Approved/Enrolled,2015.5331
_113287,OcnA-S217-01,F,Course Unavailable at Local School,Approved/Enrolled,1061.5501
_94274,FrScA-S217-01,F,Course Unavailable at Local School,Approved/Enrolled,2293.0832
_113298,OcnA-S217-01,F,Course Unavailable at Local School,Approved/Enrolled,1433.7335
_77067,FrScA-S217-01,F,Course Unavailable at Local School,Approved/Enrolled,1983.5831
_106419,FrScA-S217-02,F,Course Unavailable at Local School,Approved/Enrolled,2300.4497
_104258,FrScA-S217-01,M,Course Unavailable at Local School,Approved/Enrolled,1083.6833
_113320,AnPhA-S217-01,M,Scheduling Conflict,Approved/Enrolled,2296.2831
_113322,OcnA-S217-01,F,Course Unavailable at Local School,Approved/Enrolled,3150.3829
_103386,FrScA-S217-02,F,Course Unavailable at Local School,Approved/Enrolled,809.4832
_107146,FrScA-S217-01,F,Course Unavailable at Local School,Approved/Enrolled,2439.7666
_104861,AnPhA-S217-01,F,Learning Preference of the Student,Approved/Enrolled,732.3502
_113393,FrScA-S217-01,F,Learning Preference of the Student,Dropped,37.3167
_113424,FrScA-S217-02,F,Learning Preference of the Student,Approved/Enrolled,1038.0164
_113438,AnPhA-S217-01,M,Learning Preference of the Student,Approved/Enrolled,7055.6667
_113440,PhysA-S217-01,M,Learning Preference of the Student,Approved/Enrolled,998.0829
_113448,AnPhA-S217-01,F,Scheduling Conflict,Approved/Enrolled,4481.2833
_113458,FrScA-S217-02,M,Learning Preference of the Student,Approved/Enrolled,128.5
_113467,FrScA-S217-02,F,Other,Approved/Enrolled,3139.5166
_113501,FrScA-S217-02,F,Other,Approved/Enrolled,1180.1169
_113511,AnPhA-S217-01,F,Course Unavailable at Local School,Approved/Enrolled,2556.0163
_113513,AnPhA-S217-01,M,Course Unavailable at Local School,Approved/Enrolled,1848.7333
_113512,AnPhA-S217-01,F,Course Unavailable at Local School,Approved/Enrolled,1864.3995
_113524,FrScA-S217-02,F,Course Unavailable at Local School,Approved/Enrolled,1544.5165
_103186,FrScA-S217-02,F,Course Unavailable at Local School,Approved/Enrolled,866.4333
_113538,FrScA-S217-02,F,Course Unavailable at Local School,Approved/Enrolled,412.7834
_86580,AnPhA-S217-01,F,Learning Preference of the Student,Approved/Enrolled,1312.6834
_113661,AnPhA-S217-01,F,Course Unavailable at Local School,Approved/Enrolled,4870.2
_113673,FrScA-S217-02,F,Course Unavailable at Local School,Approved/Enrolled,5317.7499
_113674,FrScA-S217-02,F,Course Unavailable at Local School,Approved/Enrolled,2427.2833
_113700,FrScA-S217-02,F,Learning Preference of the Student,Approved/Enrolled,1175.1334
_104056,FrScA-S217-03,F,Learning Preference of the Student,Approved/Enrolled,1343.3832
_110360,OcnA-S217-01,F,Learning Preference of the Student,Approved/Enrolled,662.7336
_113839,FrScA-S217-03,F,Scheduling Conflict,Approved/Enrolled,2948.05
_90168,FrScA-S217-03,M,Course Unavailable at Local School,Approved/Enrolled,2363.4171
_104191,FrScA-S217-03,F,Course Unavailable at Local School,Approved/Enrolled,1843.7664
_104172,FrScA-S217-03,F,Course Unavailable at Local School,Approved/Enrolled,1440.1002
_103268,FrScA-S217-03,M,Course Unavailable at Local School,Approved/Enrolled,1588.2167
_102461,OcnA-S217-01,F,Course Unavailable at Local School,Approved/Enrolled,1823.4998
_113993,FrScA-S217-01,F,Course Unavailable at Local School,Approved/Enrolled,2320.7498
_103409,OcnA-S217-02,F,Course Unavailable at Local School,Approved/Enrolled,4164.6997
_108177,PhysA-S217-01,M,Scheduling Conflict,Approved/Enrolled,1659.7165
_114107,FrScA-S217-03,F,Course Unavailable at Local School,Approved/Enrolled,2845.2001
_85616,FrScA-S217-03,F,Course Unavailable at Local School,Approved/Enrolled,1772.6669
_114117,AnPhA-S217-01,M,Course Unavailable at Local School,Approved/Enrolled,211.1833
_114228,FrScA-S217-03,F,Scheduling Conflict,Approved/Enrolled,935.0331
_108042,FrScA-S217-03,F,Course Unavailable at Local School,Approved/Enrolled,1298.5332
_101231,OcnA-S217-01,F,Course Unavailable at Local School,Approved/Enrolled,1004.3
_89416,FrScA-S217-03,M,Course Unavailable at Local School,Approved/Enrolled,1256
_114387,OcnA-S217-02,F,Learning Preference of the Student,Approved/Enrolled,1860.8167
_95736,FrScA-S217-01,F,Course Unavailable at Local School,Approved/Enrolled,1519.5333
_114449,FrScA-S217-03,F,Course Unavailable at Local School,Approved/Enrolled,1358.6501
_86044,FrScA-S217-03,M,Course Unavailable at Local School,Approved/Enrolled,2242.267
_114501,FrScA-S217-03,F,Course Unavailable at Local School,Approved/Enrolled,2504.5004
_95217,FrScA-S217-03,F,Course Unavailable at Local School,Approved/Enrolled,2445.5499
_114673,BioA-S217-01,M,Other,Approved/Enrolled,2477.2504
_88227,OcnA-S217-02,F,Course Unavailable at Local School,Approved/Enrolled,1246.5501
_114768,AnPhA-S217-01,F,Course Unavailable at Local School,Approved/Enrolled,301.0501
_114796,BioA-S217-01,M,Other,Approved/Enrolled,5747.1008
_114961,AnPhA-S217-02,F,Course Unavailable at Local School,Approved/Enrolled,1744.7836
_97215,FrScA-S217-01,M,Other,Approved/Enrolled,1849.4836
_115101,AnPhA-S217-02,F,Other,Approved/Enrolled,3768.7164
_115102,OcnA-S217-01,F,Learning Preference of the Student,Approved/Enrolled,3052.9667
_115181,OcnA-S217-02,F,Learning Preference of the Student,Approved/Enrolled,1590.5669
_91953,AnPhA-S217-02,F,Scheduling Conflict,Approved/Enrolled,1177.5999
_107016,OcnA-S217-03,F,Learning Preference of the Student,Approved/Enrolled,640.2
_107210,AnPhA-S217-02,F,Scheduling Conflict,Approved/Enrolled,1818.1667
_115238,PhysA-S217-01,M,Learning Preference of the Student,Approved/Enrolled,2356.8835
_115780,AnPhA-S217-02,F,Learning Preference of the Student,Approved/Enrolled,1508.0335
_115888,OcnA-S217-01,F,Course Unavailable at Local School,Approved/Enrolled,2355.5665
